"source","target","sharedfollowers"
"sam","tully","3"
"sam","pat","8"
"sam","kim","2"
"sam","pris","1"
"roy","pris","5"
"roy","sam","1"
"tully","sam","1"
"tully","pris","5"
"tully","kim","3"
"tully","pat","1"
"tully","mo","3"
"kim","pat","2"
"kim","mo","1"
"mo","tully","7"
"mo","pat","1"
"mo","sam","4"
"mo","pris","1"
"pat","sam","3"
"pat","tully","1"
"pat","kim","2"
"pat","mo","5"
"valerie","francois","1"
"charles","francois","9"
"charles","valerie","2"
"marie","francois","5"
"marie","gaston","12"
"marie","nicolas","15"
"marie","danielle","1"
"gaston","nicolas","21"
"gaston","danielle","1"
"danielle","marie","3"
"danielle","nicolas","4"
"danielle","francois","4"
"nicolas","marie","1"
"nicolas","gaston","2"
"nicolas","danielle","5"
"victorine","gigi","3"
"sam","francois","2"
"charles","pris","1"
"gigi","pris","1"
"victorine","francois","1"
"roy","valerie","1"
"gigi","francois","1"
"roy","francois","1"
